-- --------------------------------
-- Insert test data into all table
-- --------------------------------
USE blog;


-- ----------------------------------------
-- Insert test data into t_user table
-- Administrator default username : admin
-- Administrator default password : 123456
-- ----------------------------------------
INSERT INTO `t_user`(`id`, `username`, `password`, `email`, `admin`)
VALUES ('1', 'admin', 'e10adc3949ba59abbe56e057f20f883e', '1667191252@qq.com', '1'),
       ('2', 'tianqiang', 'e10adc3949ba59abbe56e057f20f884e', 'thu@example.com', '0'),
       ('3', 'xia30', 'e10adc3949ba59abbe56e057f20f885e', 'ping74@example.com', '0'),
       ('4', 'xiuying50', 'e10adc3949ba59abbe56e057f20f886e', 'xiuyingwei@example.com', '0'),
       ('5', 'qiang90', 'e10adc3949ba59abbe56e057f20f887e', 'ldeng@example.com', '0'),
       ('6', 'xiulan71', 'e10adc3949ba59abbe56e057f20f888e', 'yandu@example.com', '0'),
       ('7', 'mingyin', 'e10adc3949ba59abbe56e057f20f889e', 'moming@example.com', '0'),
       ('8', 'zhuxiuying', 'e10adc3949ba59abbe56e057f20f890e', 'olai@example.org', '0'),
       ('9', 'jie64', 'e10adc3949ba59abbe56e057f20f891e', 'kcheng@example.net', '0'),
       ('10', 'caiping', 'e10adc3949ba59abbe56e057f20f892e', 'fuxiuying@example.net', '0'),
       ('11', 'chaozhao', 'e10adc3949ba59abbe56e057f20f893e', 'xiali@example.net', '0'),
       ('12', 'xiaoyong', 'e10adc3949ba59abbe56e057f20f894e', 'yong57@example.org', '0'),
       ('13', 'lijun', 'e10adc3949ba59abbe56e057f20f895e', 'mding@example.net', '0'),
       ('14', 'wei12', 'e10adc3949ba59abbe56e057f20f896e', 'limo@example.org', '0'),
       ('15', 'mingye', 'e10adc3949ba59abbe56e057f20f897e', 'ping28@example.org', '0'),
       ('16', 'yan51', 'e10adc3949ba59abbe56e057f20f898e', 'nahao@example.com', '0'),
       ('17', 'lei26', 'e10adc3949ba59abbe56e057f20f899e', 'jsu@example.org', '0'),
       ('18', 'qfu', 'e10adc3949ba59abbe56e057f20f900e', 'guiying85@example.com', '0'),
       ('19', 'gfan', 'e10adc3949ba59abbe56e057f20f901e', 'na18@example.org', '0'),
       ('20', 'wanjun', 'e10adc3949ba59abbe56e057f20f902e', 'chaofang@example.org', '0'),
       ('21', 'juanpan', 'e10adc3949ba59abbe56e057f20f903e', 'xiulanduan@example.com', '0'),
       ('22', 'xtan', 'e10adc3949ba59abbe56e057f20f904e', 'yangzheng@example.com', '0'),
       ('23', 'axiong', 'e10adc3949ba59abbe56e057f20f905e', 'qianxia@example.net', '0'),
       ('24', 'lei01', 'e10adc3949ba59abbe56e057f20f906e', 'natian@example.net', '0'),
       ('25', 'vfu', 'e10adc3949ba59abbe56e057f20f907e', 'kangjun@example.org', '0'),
       ('26', 'gyu', 'e10adc3949ba59abbe56e057f20f908e', 'nmeng@example.net', '0'),
       ('27', 'xujing', 'e10adc3949ba59abbe56e057f20f909e', 'taopan@example.net', '0'),
       ('28', 'bye', 'e10adc3949ba59abbe56e057f20f910e', 'ligu@example.net', '0'),
       ('29', 'guiying95', 'e10adc3949ba59abbe56e057f20f911e', 'ming88@example.org', '0'),
       ('30', 'weiwu', 'e10adc3949ba59abbe56e057f20f912e', 'blu@example.org', '0'),
       ('31', 'yang74', 'e10adc3949ba59abbe56e057f20f913e', 'zhumin@example.com', '0'),
       ('32', 'yexia', 'e10adc3949ba59abbe56e057f20f914e', 'taodu@example.net', '0'),
       ('33', 'juan78', 'e10adc3949ba59abbe56e057f20f915e', 'xuegang@example.net', '0'),
       ('34', 'owu', 'e10adc3949ba59abbe56e057f20f916e', 'cqiao@example.net', '0'),
       ('35', 'tfan', 'e10adc3949ba59abbe56e057f20f917e', 'na04@example.org', '0'),
       ('36', 'yangzhang', 'e10adc3949ba59abbe56e057f20f918e', 'iwen@example.org', '0'),
       ('37', 'gongjun', 'e10adc3949ba59abbe56e057f20f919e', 'tyao@example.com', '0'),
       ('38', 'gang98', 'e10adc3949ba59abbe56e057f20f920e', 'chao97@example.net', '0'),
       ('39', 'juan37', 'e10adc3949ba59abbe56e057f20f921e', 'xshen@example.net', '0'),
       ('40', 'jingxiang', 'e10adc3949ba59abbe56e057f20f922e', 'dzhao@example.com', '0'),
       ('41', 'awu', 'e10adc3949ba59abbe56e057f20f923e', 'gang15@example.com', '0'),
       ('42', 'lili', 'e10adc3949ba59abbe56e057f20f924e', 'xiuyingliang@example.com', '0'),
       ('43', 'ping59', 'e10adc3949ba59abbe56e057f20f925e', 'tanxia@example.net', '0'),
       ('44', 'cxiang', 'e10adc3949ba59abbe56e057f20f926e', 'jluo@example.org', '0'),
       ('45', 'dhe', 'e10adc3949ba59abbe56e057f20f927e', 'dingyong@example.net', '0'),
       ('46', 'bliang', 'e10adc3949ba59abbe56e057f20f928e', 'fangye@example.net', '0'),
       ('47', 'naliao', 'e10adc3949ba59abbe56e057f20f929e', 'huangxiulan@example.net', '0'),
       ('48', 'isong', 'e10adc3949ba59abbe56e057f20f930e', 'gongyang@example.com', '0'),
       ('49', 'wfan', 'e10adc3949ba59abbe56e057f20f931e', 'zhaoxia@example.org', '0'),
       ('50', 'pengjun', 'e10adc3949ba59abbe56e057f20f932e', 'qmeng@example.com', '0'),
       ('51', 'guiyingcao', 'e10adc3949ba59abbe56e057f20f933e', 'pshi@example.org', '0'),
       ('52', 'wengang', 'e10adc3949ba59abbe56e057f20f934e', 'hexia@example.com', '0'),
       ('53', 'ping25', 'e10adc3949ba59abbe56e057f20f935e', 'weiyin@example.org', '0'),
       ('54', 'pxiong', 'e10adc3949ba59abbe56e057f20f936e', 'awen@example.org', '0'),
       ('55', 'min30', 'e10adc3949ba59abbe56e057f20f937e', 'lduan@example.com', '0'),
       ('56', 'ming97', 'e10adc3949ba59abbe56e057f20f938e', 'junmo@example.net', '0'),
       ('57', 'yan19', 'e10adc3949ba59abbe56e057f20f939e', 'leiqian@example.net', '0'),
       ('58', 'hqiu', 'e10adc3949ba59abbe56e057f20f940e', 'dengqiang@example.net', '0'),
       ('59', 'qianghao', 'e10adc3949ba59abbe56e057f20f941e', 'juankang@example.com', '0'),
       ('60', 'ming86', 'e10adc3949ba59abbe56e057f20f942e', 'minzou@example.net', '0'),
       ('61', 'juan57', 'e10adc3949ba59abbe56e057f20f943e', 'yongpeng@example.org', '0'),
       ('62', 'jie46', 'e10adc3949ba59abbe56e057f20f944e', 'xiuyinglei@example.net', '0'),
       ('63', 'ping27', 'e10adc3949ba59abbe56e057f20f945e', 'xiulanfu@example.net', '0'),
       ('64', 'tao57', 'e10adc3949ba59abbe56e057f20f946e', 'taofang@example.net', '0'),
       ('65', 'chao44', 'e10adc3949ba59abbe56e057f20f947e', 'mlei@example.org', '0'),
       ('66', 'weitao', 'e10adc3949ba59abbe56e057f20f948e', 'cxiang@example.net', '0'),
       ('67', 'weixu', 'e10adc3949ba59abbe56e057f20f949e', 'pingtian@example.com', '0'),
       ('68', 'sdu', 'e10adc3949ba59abbe56e057f20f950e', 'wchang@example.com', '0'),
       ('69', 'sfu', 'e10adc3949ba59abbe56e057f20f951e', 'wcao@example.net', '0'),
       ('70', 'jinggong', 'e10adc3949ba59abbe56e057f20f952e', 'shenxiuying@example.net', '0'),
       ('71', 'jie92', 'e10adc3949ba59abbe56e057f20f953e', 'jie12@example.com', '0'),
       ('72', 'tangna', 'e10adc3949ba59abbe56e057f20f954e', 'yangzeng@example.net', '0'),
       ('73', 'maojie', 'e10adc3949ba59abbe56e057f20f955e', 'majuan@example.com', '0'),
       ('74', 'dchen', 'e10adc3949ba59abbe56e057f20f956e', 'zhouchao@example.net', '0'),
       ('75', 'dongli', 'e10adc3949ba59abbe56e057f20f957e', 'xiuyingliang@example.org', '0'),
       ('76', 'leiliang', 'e10adc3949ba59abbe56e057f20f958e', 'fuwei@example.net', '0'),
       ('77', 'fzou', 'e10adc3949ba59abbe56e057f20f959e', 'bqiao@example.org', '0'),
       ('78', 'ping14', 'e10adc3949ba59abbe56e057f20f960e', 'qiangguo@example.org', '0'),
       ('79', 'jie67', 'e10adc3949ba59abbe56e057f20f961e', 'juan76@example.org', '0'),
       ('80', 'lbai', 'e10adc3949ba59abbe56e057f20f962e', 'juan95@example.net', '0'),
       ('81', 'hdu', 'e10adc3949ba59abbe56e057f20f963e', 'wenping@example.org', '0'),
       ('82', 'tao54', 'e10adc3949ba59abbe56e057f20f964e', 'qiang08@example.com', '0'),
       ('83', 'minhuang', 'e10adc3949ba59abbe56e057f20f965e', 'liaoxiuying@example.net', '0'),
       ('84', 'nafu', 'e10adc3949ba59abbe56e057f20f966e', 'tding@example.com', '0'),
       ('85', 'ikang', 'e10adc3949ba59abbe56e057f20f967e', 'shijuan@example.org', '0'),
       ('86', 'yaolei', 'e10adc3949ba59abbe56e057f20f968e', 'houxiuying@example.com', '0'),
       ('87', 'fliang', 'e10adc3949ba59abbe56e057f20f969e', 'dengyong@example.com', '0'),
       ('88', 'tianlei', 'e10adc3949ba59abbe56e057f20f970e', 'pluo@example.com', '0'),
       ('89', 'wangna', 'e10adc3949ba59abbe56e057f20f971e', 'jxiao@example.org', '0'),
       ('90', 'hchang', 'e10adc3949ba59abbe56e057f20f972e', 'chenxia@example.net', '0'),
       ('91', 'min08', 'e10adc3949ba59abbe56e057f20f973e', 'sliu@example.net', '0'),
       ('92', 'tao47', 'e10adc3949ba59abbe56e057f20f974e', 'zhangping@example.net', '0'),
       ('93', 'aliao', 'e10adc3949ba59abbe56e057f20f975e', 'chentao@example.net', '0'),
       ('94', 'xiaoxiulan', 'e10adc3949ba59abbe56e057f20f976e', 'li68@example.com', '0'),
       ('95', 'fangliao', 'e10adc3949ba59abbe56e057f20f977e', 'guiyingzhou@example.com', '0'),
       ('96', 'taoming', 'e10adc3949ba59abbe56e057f20f978e', 'fangjuan@example.org', '0'),
       ('97', 'leitang', 'e10adc3949ba59abbe56e057f20f979e', 'cqiao@example.org', '0'),
       ('98', 'gang23', 'e10adc3949ba59abbe56e057f20f980e', 'jxue@example.net', '0'),
       ('99', 'xiuying90', 'e10adc3949ba59abbe56e057f20f981e', 'fangzou@example.com', '0'),
       ('100', 'rdeng', 'e10adc3949ba59abbe56e057f20f982e', 'kfang@example.com', '0'),
       ('101', 'sugang', 'e10adc3949ba59abbe56e057f20f983e', 'tcheng@example.com', '0'),
       ('102', 'oguo', 'e10adc3949ba59abbe56e057f20f984e', 'laijie@example.net', '0'),
       ('103', 'iyan', 'e10adc3949ba59abbe56e057f20f985e', 'dongwei@example.net', '0'),
       ('104', 'yanglei', 'e10adc3949ba59abbe56e057f20f986e', 'mingshen@example.net', '0'),
       ('105', 'huming', 'e10adc3949ba59abbe56e057f20f987e', 'qiaoxiuying@example.org', '0'),
       ('106', 'pinglong', 'e10adc3949ba59abbe56e057f20f988e', 'jing67@example.com', '0'),
       ('107', 'tchen', 'e10adc3949ba59abbe56e057f20f989e', 'fang67@example.com', '0'),
       ('108', 'xuejuan', 'e10adc3949ba59abbe56e057f20f990e', 'mojuan@example.com', '0'),
       ('109', 'zhangmin', 'e10adc3949ba59abbe56e057f20f991e', 'liuming@example.org', '0'),
       ('110', 'jiezhang', 'e10adc3949ba59abbe56e057f20f992e', 'wuming@example.org', '0'),
       ('111', 'luoli', 'e10adc3949ba59abbe56e057f20f993e', 'fangsun@example.org', '0'),
       ('112', 'abai', 'e10adc3949ba59abbe56e057f20f994e', 'nameng@example.com', '0'),
       ('113', 'gang42', 'e10adc3949ba59abbe56e057f20f995e', 'jun70@example.org', '0'),
       ('114', 'zxia', 'e10adc3949ba59abbe56e057f20f996e', 'bmo@example.com', '0'),
       ('115', 'qiangliao', 'e10adc3949ba59abbe56e057f20f997e', 'leiren@example.com', '0'),
       ('116', 'xiuyingzhong', 'e10adc3949ba59abbe56e057f20f998e', 'xiongtao@example.net', '0'),
       ('117', 'junchang', 'e10adc3949ba59abbe56e057f20f999e', 'pzhao@example.org', '0'),
       ('118', 'hlai', 'e10adc3949ba59abbe56e057f20f1000e', 'guiyingfu@example.org', '0'),
       ('119', 'tao91', 'e10adc3949ba59abbe56e057f20f1001e', 'weixiong@example.org', '0'),
       ('120', 'xiulanxiao', 'e10adc3949ba59abbe56e057f20f1002e', 'lei02@example.org', '0'),
       ('121', 'fang86', 'e10adc3949ba59abbe56e057f20f1003e', 'vyi@example.org', '0'),
       ('122', 'ztian', 'e10adc3949ba59abbe56e057f20f1004e', 'exiong@example.org', '0'),
       ('123', 'guiying31', 'e10adc3949ba59abbe56e057f20f1005e', 'gang39@example.com', '0'),
       ('124', 'Jun-63', 'e10adc3949ba59abbe56e057f20f1006e', 'gumin@example.com', '0'),
       ('125', 'ezhang', 'e10adc3949ba59abbe56e057f20f1007e', 'nashen@example.org', '0'),
       ('126', 'taodai', 'e10adc3949ba59abbe56e057f20f1008e', 'hduan@example.com', '0'),
       ('127', 'chaohou', 'e10adc3949ba59abbe56e057f20f1009e', 'yang76@example.org', '0'),
       ('128', 'vtan', 'e10adc3949ba59abbe56e057f20f1010e', 'qiuli@example.net', '0'),
       ('129', 'yang68', 'e10adc3949ba59abbe56e057f20f1011e', 'gang57@example.net', '0'),
       ('130', 'yang39', 'e10adc3949ba59abbe56e057f20f1012e', 'luojie@example.net', '0'),
       ('131', 'juan04', 'e10adc3949ba59abbe56e057f20f1013e', 'mingmao@example.com', '0'),
       ('132', 'yang59', 'e10adc3949ba59abbe56e057f20f1014e', 'yan51@example.com', '0'),
       ('133', 'zhongjie', 'e10adc3949ba59abbe56e057f20f1015e', 'gang62@example.com', '0'),
       ('134', 'naliu', 'e10adc3949ba59abbe56e057f20f1016e', 'huangping@example.net', '0'),
       ('135', 'li94', 'e10adc3949ba59abbe56e057f20f1017e', 'yuyan@example.net', '0'),
       ('136', 'junyan', 'e10adc3949ba59abbe56e057f20f1018e', 'yaona@example.net', '0'),
       ('137', 'juan57', 'e10adc3949ba59abbe56e057f20f1019e', 'yiqiang@example.com', '0'),
       ('138', 'qinxia', 'e10adc3949ba59abbe56e057f20f1020e', 'wtang@example.net', '0'),
       ('139', 'changguiying', 'e10adc3949ba59abbe56e057f20f1021e', 'liqiu@example.net', '0'),
       ('140', 'pingxiong', 'e10adc3949ba59abbe56e057f20f1022e', 'liuping@example.net', '0'),
       ('141', 'czhao', 'e10adc3949ba59abbe56e057f20f1023e', 'juan08@example.com', '0'),
       ('142', 'myao', 'e10adc3949ba59abbe56e057f20f1024e', 'yyin@example.com', '0'),
       ('143', 'yuanjie', 'e10adc3949ba59abbe56e057f20f1025e', 'xiangjing@example.com', '0'),
       ('144', 'ping71', 'e10adc3949ba59abbe56e057f20f1026e', 'wenming@example.org', '0'),
       ('145', 'xiuying35', 'e10adc3949ba59abbe56e057f20f1027e', 'xiuying68@example.org', '0'),
       ('146', 'yongkang', 'e10adc3949ba59abbe56e057f20f1028e', 'qiaoming@example.com', '0'),
       ('147', 'fengyan', 'e10adc3949ba59abbe56e057f20f1029e', 'sren@example.net', '0'),
       ('148', 'gaoyan', 'e10adc3949ba59abbe56e057f20f1030e', 'ganghu@example.net', '0'),
       ('149', 'chaozou', 'e10adc3949ba59abbe56e057f20f1031e', 'yong92@example.org', '0'),
       ('150', 'lyu', 'e10adc3949ba59abbe56e057f20f1032e', 'mindeng@example.com', '0'),
       ('151', 'xiaxiong', 'e10adc3949ba59abbe56e057f20f1033e', 'gang05@example.net', '0'),
       ('152', 'li79', 'e10adc3949ba59abbe56e057f20f1034e', 'mshao@example.com', '0'),
       ('153', 'shaoyan', 'e10adc3949ba59abbe56e057f20f1035e', 'jing16@example.com', '0'),
       ('154', 'yongwei', 'e10adc3949ba59abbe56e057f20f1036e', 'taoxu@example.net', '0'),
       ('155', 'juanyi', 'e10adc3949ba59abbe56e057f20f1037e', 'gang89@example.net', '0'),
       ('156', 'xiuying56', 'e10adc3949ba59abbe56e057f20f1038e', 'leiyu@example.org', '0'),
       ('157', 'min26', 'e10adc3949ba59abbe56e057f20f1039e', 'tzhao@example.com', '0'),
       ('158', 'rdai', 'e10adc3949ba59abbe56e057f20f1040e', 'yuli@example.com', '0'),
       ('159', 'pingbai', 'e10adc3949ba59abbe56e057f20f1041e', 'qianfang@example.net', '0'),
       ('160', 'yxiong', 'e10adc3949ba59abbe56e057f20f1042e', 'leihu@example.org', '0'),
       ('161', 'duanqiang', 'e10adc3949ba59abbe56e057f20f1043e', 'qiang46@example.com', '0'),
       ('162', 'juan01', 'e10adc3949ba59abbe56e057f20f1044e', 'dzhu@example.net', '0'),
       ('163', 'dufang', 'e10adc3949ba59abbe56e057f20f1045e', 'yang62@example.org', '0'),
       ('164', 'jiayang', 'e10adc3949ba59abbe56e057f20f1046e', 'tzhang@example.com', '0'),
       ('165', 'jingcao', 'e10adc3949ba59abbe56e057f20f1047e', 'sliu@example.net', '0'),
       ('166', 'weijing', 'e10adc3949ba59abbe56e057f20f1048e', 'changli@example.net', '0'),
       ('167', 'ming96', 'e10adc3949ba59abbe56e057f20f1049e', 'tangchao@example.net', '0'),
       ('168', 'qiang96', 'e10adc3949ba59abbe56e057f20f1050e', 'xiongmin@example.com', '0'),
       ('169', 'caoping', 'e10adc3949ba59abbe56e057f20f1051e', 'houli@example.net', '0'),
       ('170', 'lei42', 'e10adc3949ba59abbe56e057f20f1052e', 'kyin@example.org', '0'),
       ('171', 'houxia', 'e10adc3949ba59abbe56e057f20f1053e', 'jiezhang@example.org', '0'),
       ('172', 'yinxiulan', 'e10adc3949ba59abbe56e057f20f1054e', 'wei97@example.net', '0'),
       ('173', 'na48', 'e10adc3949ba59abbe56e057f20f1055e', 'ezhao@example.org', '0'),
       ('174', 'xiangguiying', 'e10adc3949ba59abbe56e057f20f1056e', 'minlei@example.org', '0'),
       ('175', 'jie52', 'e10adc3949ba59abbe56e057f20f1057e', 'xiaojing@example.net', '0'),
       ('176', 'hpan', 'e10adc3949ba59abbe56e057f20f1058e', 'chengping@example.org', '0'),
       ('177', 'yantao', 'e10adc3949ba59abbe56e057f20f1059e', 'houwei@example.net', '0'),
       ('178', 'liwei', 'e10adc3949ba59abbe56e057f20f1060e', 'jren@example.org', '0'),
       ('179', 'wei47', 'e10adc3949ba59abbe56e057f20f1061e', 'fangchang@example.org', '0'),
       ('180', 'mofang', 'e10adc3949ba59abbe56e057f20f1062e', 'xia90@example.net', '0'),
       ('181', 'xiapan', 'e10adc3949ba59abbe56e057f20f1063e', 'juanlong@example.net', '0'),
       ('182', 'yiwei', 'e10adc3949ba59abbe56e057f20f1064e', 'ozheng@example.com', '0'),
       ('183', 'cjia', 'e10adc3949ba59abbe56e057f20f1065e', 'minglai@example.com', '0'),
       ('184', 'ming88', 'e10adc3949ba59abbe56e057f20f1066e', 'mengjing@example.net', '0'),
       ('185', 'leiwei', 'e10adc3949ba59abbe56e057f20f1067e', 'xiuying40@example.net', '0'),
       ('186', 'maofang', 'e10adc3949ba59abbe56e057f20f1068e', 'fang28@example.net', '0'),
       ('187', 'fyuan', 'e10adc3949ba59abbe56e057f20f1069e', 'osu@example.org', '0'),
       ('188', 'longjun', 'e10adc3949ba59abbe56e057f20f1070e', 'na53@example.net', '0'),
       ('189', 'juan70', 'e10adc3949ba59abbe56e057f20f1071e', 'xiafeng@example.com', '0'),
       ('190', 'yan99', 'e10adc3949ba59abbe56e057f20f1072e', 'jiangxiuying@example.org', '0'),
       ('191', 'liqin', 'e10adc3949ba59abbe56e057f20f1073e', 'myan@example.net', '0'),
       ('192', 'guiying75', 'e10adc3949ba59abbe56e057f20f1074e', 'zouxiuying@example.net', '0'),
       ('193', 'gang86', 'e10adc3949ba59abbe56e057f20f1075e', 'lizhong@example.org', '0'),
       ('194', 'guiyingkang', 'e10adc3949ba59abbe56e057f20f1076e', 'zhengxia@example.com', '0'),
       ('195', 'mdong', 'e10adc3949ba59abbe56e057f20f1077e', 'leihou@example.com', '0'),
       ('196', 'tanjuan', 'e10adc3949ba59abbe56e057f20f1078e', 'gjia@example.org', '0'),
       ('197', 'pren', 'e10adc3949ba59abbe56e057f20f1079e', 'songjuan@example.com', '0'),
       ('198', 'fangxiang', 'e10adc3949ba59abbe56e057f20f1080e', 'yan64@example.com', '0'),
       ('199', 'afan', 'e10adc3949ba59abbe56e057f20f1081e', 'chan@example.org', '0'),
       ('200', 'emo', 'e10adc3949ba59abbe56e057f20f1082e', 'sxie@example.net', '0'),
       ('201', 'tsun', 'e10adc3949ba59abbe56e057f20f1083e', 'xlin@example.com', '0'),
       ('202', 'gongjie', 'e10adc3949ba59abbe56e057f20f1084e', 'li00@example.com', '0'),
       ('203', 'maoguiying', 'e10adc3949ba59abbe56e057f20f1085e', 'nzeng@example.com', '0'),
       ('204', 'xujuan', 'e10adc3949ba59abbe56e057f20f1086e', 'jun39@example.net', '0'),
       ('205', 'pfeng', 'e10adc3949ba59abbe56e057f20f1087e', 'wei93@example.net', '0'),
       ('206', 'yangqian', 'e10adc3949ba59abbe56e057f20f1088e', 'qiang24@example.net', '0'),
       ('207', 'jieyi', 'e10adc3949ba59abbe56e057f20f1089e', 'phao@example.org', '0'),
       ('208', 'min63', 'e10adc3949ba59abbe56e057f20f1090e', 'okong@example.org', '0'),
       ('209', 'elong', 'e10adc3949ba59abbe56e057f20f1091e', 'yong60@example.net', '0'),
       ('210', 'weihan', 'e10adc3949ba59abbe56e057f20f1092e', 'zengna@example.org', '0');


-- --------------------------------------
-- Insert test data into t_archive table
-- --------------------------------------
INSERT INTO `t_archive`(`id`, `created_time`, `last_update_time`, `article_id`)
VALUES ('1', '2018-06-14 08:05:32', '2020-10-28 12:39:08', '1'),
       ('2', '2018-09-05 11:47:05', '2021-04-04 11:19:26', '2'),
       ('3', '2018-10-28 20:23:56', '2020-04-06 16:37:07', '3'),
       ('4', '2018-12-04 03:10:28', '2022-10-03 16:36:01', '4'),
       ('5', '2018-06-03 04:56:18', '2022-11-21 08:36:15', '5'),
       ('6', '2018-08-01 06:22:16', '2020-08-09 05:18:45', '6'),
       ('7', '2019-02-17 07:57:11', '2022-07-31 04:42:52', '7'),
       ('8', '2019-03-11 09:00:52', '2020-07-26 12:44:36', '8'),
       ('9', '2019-07-10 05:50:12', '2021-11-08 19:14:56', '9'),
       ('10', '2019-07-30 02:12:54', '2020-11-25 11:18:12', '10'),
       ('11', '2018-12-29 13:48:47', '2022-04-13 21:41:59', '11'),
       ('12', '2019-10-12 21:00:37', '2020-11-23 08:32:45', '12'),
       ('13', '2018-06-05 14:17:21', '2020-04-14 14:52:46', '13'),
       ('14', '2018-09-26 13:51:06', '2021-04-28 14:01:54', '14'),
       ('15', '2018-04-27 17:26:08', '2021-10-31 12:46:36', '15'),
       ('16', '2018-01-25 05:53:14', '2022-12-04 21:10:23', '16'),
       ('17', '2018-03-28 12:14:47', '2022-02-23 03:21:31', '17'),
       ('18', '2019-09-10 01:16:50', '2020-03-24 22:01:18', '18'),
       ('19', '2018-03-15 21:12:38', '2022-02-11 22:00:45', '19'),
       ('20', '2018-05-08 17:45:58', '2020-05-19 01:36:00', '20'),
       ('21', '2018-06-02 09:01:03', '2022-08-20 18:35:44', '21'),
       ('22', '2018-11-15 06:10:30', '2020-02-01 19:51:07', '22'),
       ('23', '2018-01-21 02:03:43', '2021-06-17 00:59:36', '23'),
       ('24', '2018-10-30 19:05:05', '2020-07-02 18:14:10', '24'),
       ('25', '2018-04-15 16:02:46', '2021-10-11 15:11:29', '25'),
       ('26', '2018-01-26 10:48:35', '2022-07-28 08:19:33', '26'),
       ('27', '2018-07-08 01:13:02', '2022-10-02 04:08:26', '27'),
       ('28', '2019-03-27 05:08:54', '2022-10-13 05:39:29', '28'),
       ('29', '2018-11-14 17:06:50', '2022-02-07 02:28:37', '29'),
       ('30', '2018-04-18 12:38:45', '2021-11-28 07:29:10', '30'),
       ('31', '2019-08-29 10:28:10', '2021-07-05 22:28:32', '31'),
       ('32', '2018-06-25 19:19:09', '2020-10-08 19:48:33', '32'),
       ('33', '2018-09-17 00:34:18', '2021-08-13 21:48:51', '33'),
       ('34', '2019-03-31 03:52:58', '2021-07-13 01:47:36', '34'),
       ('35', '2019-12-16 21:01:03', '2020-07-17 03:10:22', '35'),
       ('36', '2018-07-05 12:06:49', '2022-05-08 18:43:55', '36'),
       ('37', '2019-02-03 18:00:53', '2020-09-25 04:00:04', '37'),
       ('38', '2018-03-31 11:38:17', '2020-05-17 08:46:24', '38'),
       ('39', '2019-08-08 14:35:54', '2022-08-15 10:26:28', '39'),
       ('40', '2018-12-13 03:20:46', '2020-04-06 10:51:48', '40'),
       ('41', '2019-08-05 23:24:56', '2022-07-15 10:46:23', '41'),
       ('42', '2019-12-06 04:45:02', '2021-06-27 22:29:12', '42'),
       ('43', '2018-01-12 09:26:51', '2022-09-20 09:05:34', '43'),
       ('44', '2018-06-21 10:20:02', '2022-07-31 11:32:18', '44'),
       ('45', '2018-03-01 08:55:25', '2021-08-16 19:17:38', '45'),
       ('46', '2018-03-10 23:37:16', '2022-12-23 03:57:26', '46'),
       ('47', '2019-02-13 11:41:18', '2020-07-26 22:52:45', '47'),
       ('48', '2019-07-30 09:01:12', '2022-04-28 19:49:37', '48'),
       ('49', '2018-05-19 16:07:51', '2020-08-18 07:52:42', '49'),
       ('50', '2018-06-14 18:57:04', '2022-09-06 18:32:48', '50');


-- --------------------------------------
-- Insert test data into t_article table
-- --------------------------------------
INSERT INTO `t_article`(`id`, `title`, `head_image_address`, `content`, `created_time`, `last_update_time`,
                        `comment_count`, `read_count`, `author_name`, `copyright`, `tags`, `sort`, `open_comment`,
                        `open_copyright`,
                        `type`, `author_id`, `sort_id`, `tags_id`, `archive_id`)
VALUES ('1', '也是经济大家然后社会次数拥有全部', 'https://www.lin.cn/',
        '大学其中显示国家类别网上来自.同时管理得到工程.到了谢谢如此电话责任. 网站游戏这里其中今年什么. 有关公司这么合作.目前还是生活的话直接无法那么汽车.正在位置公司直接设计免费之后谢谢.一切中心能力具有作者.',
        '2018-12-13 03:20:46', '2020-04-06 10:51:48', '14', '745', '悟道九霄', 'Copyright by WuDaoJiuXiao', 'TypeScript',
        '摄影', '0', '1', '翻译', '1', '8', '1', '1'),
       ('2', '查看方法最新大家', 'https://www.lixia.cn/',
        '一样可能网上.运行为了部分.程序全国项目基本服务. 或者空间日期作者一直有些怎么.等级成功帮助为了今天到了地址. 使用选择大小没有时候.她的法律自己教育问题欢迎.发表大家设计.',
        '2018-04-18 12:38:45', '2021-11-28 07:29:10', '453', '4494', '悟道九霄', 'Copyright by WuDaoJiuXiao', 'Go', '前端开发',
        '0', '0', '翻译', '1', '4', '8', '2'),
       ('3', '记者社区时间下载开始朋友', 'http://yonglei.cn/',
        '决定你们注意如果以后你的历史.阅读谢谢完全拥有表示分析同时. 虽然继续服务免费.一定就是专业状态企业阅读结果.中心帮助这个之后. 发现留言网站我的全部开始.如此问题处理特别目前.标准您的回复简介.',
        '2018-03-15 21:12:38', '2022-02-11 22:00:45', '707', '593', '悟道九霄', 'Copyright by WuDaoJiuXiao', 'PHP', '旅游',
        '0', '1', '原创', '1', '8', '7', '3'),
       ('4', '只是不过精华由于孩子而且', 'https://gang.cn/',
        '通过直接销售方面本站上海.在线开始当然程序不断产品当然文化.新闻提供因此问题帮助他们成为拥有.一种地方一直特别有限同时合作. 部分这样发生.出来认为拥有的话. 登录都是威望都是.控制世界你的有些.搜索图片地址生产一次介绍威望感觉.',
        '2018-06-21 10:20:02', '2022-07-31 11:32:18', '604', '3120', '悟道九霄', 'Copyright by WuDaoJiuXiao', 'TypeScript',
        '随想录', '1', '1', '原创', '1', '3', '9', '4'),
       ('5', '方面部分内容关于一点方面空间', 'https://97.net/', '人民标准非常虽然最大大家基本工作. 之后为什如何这样中国不同.网站各种虽然结果. 但是企业东西个人你的历史完成.',
        '2018-12-04 03:10:28', '2022-10-03 16:36:01', '257', '1859', '悟道九霄', 'Copyright by WuDaoJiuXiao', 'TypeScript',
        '后端开发', '1', '0', '转载', '1', '3', '6', '5'),
       ('6', '时候来自知道行业密码功能标题法律', 'https://www.songjiang.cn/',
        '在线发生一个男人留言两个市场.语言只要制作本站标题质量等级.类别实现广告虽然. 部门空间自己时候.计划增加怎么. 信息日期可能分析自己具有商品.还有目前所以系统还是她的.法律当前推荐作品主要系列.',
        '2018-03-28 12:14:47', '2022-02-22 03:21:31', '201', '2522', '悟道九霄', 'Copyright by WuDaoJiuXiao', 'Java', '旅游',
        '0', '1', '转载', '1', '5', '6', '6'),
       ('7', '直接为什注意一种说明', 'https://liang.net/', '广告那个说明内容也是更新免费. 主要选择一直大家.北京不断如何之间中心必须. 事情电脑情况为什等级各种.一直日期市场会员结果.',
        '2018-05-08 17:45:58', '2020-05-19 01:36:00', '267', '2931', '悟道九霄', 'Copyright by WuDaoJiuXiao', 'Python',
        '旅游', '0', '0', '转载', '1', '8', '5', '7'),
       ('8', '结果学校产品图片不会', 'http://meng.cn/', '手机系列谢谢一切.有关信息还是而且记者空间.美国工程公司. 全国发现搜索目前发展起来. 地址自己不要经营能力.决定会员销售安全网上登录很多.',
        '2018-12-29 13:48:47', '2022-04-13 21:41:59', '145', '257', '悟道九霄', 'Copyright by WuDaoJiuXiao', 'TypeScript',
        '技术文档', '1', '1', '原创', '1', '1', '2', '8'),
       ('9', '资料环境次数你的基本', 'http://www.qiangxiulan.cn/',
        '设备以及内容准备作为发现.不能到了活动不过.开始经济有限销售部门文化之间. 阅读所有中国已经方式发生发展.发现过程重要最后.拥有你的北京这个问题更新准备. 系统只有国际原因实现一般然后.如此就是其实所有公司.发表记者准备情况音乐作为日期.',
        '2019-12-16 21:01:03', '2020-07-17 03:10:22', '514', '2397', '悟道九霄', 'Copyright by WuDaoJiuXiao', 'C', '摄影',
        '0', '1', '翻译', '1', '8', '6', '9'),
       ('10', '单位游戏回复标准什么世界', 'https://www.ga.cn/',
        '方法内容结果来源世界全部.信息查看感觉过程专业. 非常能够评论生产.这里发表程序广告只有开发产品.起来地址显示电脑语言自己或者. 决定标题科技美国就是还是包括女人.系统技术一定控制来自等级一次.这样增加网上对于.',
        '2018-10-30 19:05:05', '2020-07-02 18:14:10', '89', '3196', '悟道九霄', 'Copyright by WuDaoJiuXiao', 'JavaScript',
        '美女', '1', '1', '原创', '1', '5', '5', '10'),
       ('11', '活动文章个人人民一个简介影响', 'https://www.chen.cn/',
        '市场正在提供的人. 也是推荐影响一种作品无法使用.联系活动还有今天那么相关需要.搜索继续程序主题作品学校他的. 客户加入能够深圳.政府历史所有工作中心回复留言.一直系列工具其中.很多来源说明进行.',
        '2018-04-27 17:26:08', '2021-10-31 12:46:36', '267', '3850', '悟道九霄', 'Copyright by WuDaoJiuXiao', 'C++', '旅游',
        '0', '1', '翻译', '1', '1', '5', '11'),
       ('12', '历史情况影响是否', 'https://www.xia.cn/',
        '提高查看出来地方评论位置得到.系列已经一般进入正在资料那么.运行标准这些责任数据.产品音乐各种这种显示在线就是看到. 管理开始之间的话.他的技术不断.因为城市包括特别. 这里国际企业合作可能.单位运行公司制作经验状态.',
        '2018-03-10 23:37:16', '2022-12-23 03:57:26', '929', '2426', '悟道九霄', 'Copyright by WuDaoJiuXiao', 'C#', '杂谈',
        '1', '0', '翻译', '1', '5', '8', '12'),
       ('13', '设备留言的人项目', 'http://www.27.cn/',
        '社会安全感觉管理设计电子产品.法律但是很多因为政府程序直接. 商品一般虽然业务销售.本站城市发生深圳制作其实虽然什么.网站的人设备日期一些其他. 孩子方法回复次数责任历史.项目当前因此知道基本.',
        '2018-09-05 11:47:05', '2021-04-04 11:19:26', '241', '1234', '悟道九霄', 'Copyright by WuDaoJiuXiao', 'JavaScript',
        '后端开发', '0', '1', '转载', '1', '3', '6', '13'),
       ('14', '全国信息朋友北京他们', 'http://jingli.cn/',
        '或者网上设备搜索自己时候.无法报告质量很多对于. 准备无法原因类别只是国际.还有积分如果可以城市. 这种推荐无法如果提高留言这种资源.她的发表应该时候原因也是来自.有限有限深圳.',
        '2018-06-05 14:17:21', '2020-04-14 14:52:46', '259', '3467', '悟道九霄', 'Copyright by WuDaoJiuXiao', 'C', '旅游',
        '0', '1', '翻译', '1', '2', '2', '14'),
       ('15', '点击游戏谢谢', 'http://31.cn/',
        '电话地区希望男人经济任何只是. 本站直接电子密码积分.空间当然免费.发展不是他的其他. 认为过程其中类别之间一下时间.专业直接广告提供.以后问题他们完成留言.就是成功今天有关还有公司类别.',
        '2018-07-05 12:06:49', '2022-05-08 18:43:55', '680', '3222', '悟道九霄', 'Copyright by WuDaoJiuXiao', 'C++', '摄影',
        '0', '1', '转载', '1', '2', '6', '15'),
       ('16', '必须到了公司游戏一般', 'https://www.zhuqian.org/',
        '公司记者只要市场回复.我们市场类型工作开始不过处理. 搜索联系是一认为.发布时间简介资源.活动用户注意增加时候他们. 时间类型社区.标准可以登录其中感觉我们国际点击.', '2019-07-30 02:12:54',
        '2020-11-25 11:18:12', '746', '1905', '悟道九霄', 'Copyright by WuDaoJiuXiao', 'PHP', '技术文档', '1', '1', '翻译', '1',
        '7', '2', '16'),
       ('17', '一些控制问题数据', 'http://www.chaoli.net/',
        '过程威望之后手机规定类别.显示是一非常但是社会产品表示.之后中心知道进行大家音乐法律. 知道上海参加日期.浏览进行生活支持图片结果正在. 报告部门各种她的发生中心如此.环境建设点击建设通过因为一点.系列以及销售分析.',
        '2018-06-03 04:56:18', '2022-11-21 08:36:15', '240', '2483', '悟道九霄', 'Copyright by WuDaoJiuXiao', 'C', '技术文档',
        '1', '1', '翻译', '1', '7', '5', '17'),
       ('18', '一次关系目前等级那么', 'http://www.25.cn/',
        '加入朋友欢迎所有以及汽车必须首页.其他首页希望还有个人一些应该根据.方面有关中心可是有限. 内容生产当然得到问题这么行业谢谢.学习系统资料汽车系统.最大没有这么.市场设备其中组织日期一个出来. 北京同时次数看到精华那个全国.',
        '2019-03-27 05:08:54', '2022-10-13 05:39:29', '217', '836', '悟道九霄', 'Copyright by WuDaoJiuXiao', 'C#', '前端开发',
        '0', '1', '原创', '1', '2', '5', '18'),
       ('19', '然后其实组织设计', 'https://www.25.cn/',
        '原因以下管理电影电子日本进入.网络网站简介数据音乐电子. 所以解决主要下载提供查看.大学商品无法注册方法. 规定资料关系可能他的增加操作.由于根据浏览作品公司.喜欢程序加入工程学校如果.',
        '2019-09-10 01:16:50', '2020-03-24 22:01:18', '394', '2036', '悟道九霄', 'Copyright by WuDaoJiuXiao', 'JavaScript',
        '旅游', '0', '0', '翻译', '1', '2', '6', '19'),
       ('20', '这么文化服务显示学习一直', 'http://na.cn/',
        '得到国际日期现在设备行业由于.一般工具一点.之后国际一个能够没有质量其中. 根据全部各种软件更新报告.全部都是空间社区. 有关一个历史生产.人民我们次数企业只有查看信息.', '2019-03-11 09:00:52',
        '2020-07-26 12:44:36', '173', '4782', '悟道九霄', 'Copyright by WuDaoJiuXiao', 'JavaScript', '技术文档', '1', '0', '翻译',
        '1', '7', '2', '20'),
       ('21', '名称现在网上我的', 'http://www.82.cn/', '全部那么登录. 一种而且完成留言东西经济.特别建设这种留言网络自己他的. 专业威望管理一种.过程名称也是报告通过开始.',
        '2019-02-13 11:41:18', '2020-07-26 22:52:45', '962', '535', '悟道九霄', 'Copyright by WuDaoJiuXiao', 'C#', '杂谈',
        '1', '1', '原创', '1', '3', '4', '21'),
       ('22', '你们需要简介因为特别', 'http://www.cao.cn/',
        '今天中国就是空间专业留言增加发布.知道全国时候时间.对于生产地址. 提高结果能够完全觉得. 最新资源因此中心会员一种发生.大学一个发生两个到了只是研究.不同电话两个类型.', '2018-01-21 02:03:43',
        '2021-06-17 00:59:36', '769', '4997', '悟道九霄', 'Copyright by WuDaoJiuXiao', 'JavaScript', '美女', '0', '0', '原创',
        '1', '1', '9', '22'),
       ('23', '工作能够非常网上是一只是', 'https://www.xiulan.cn/',
        '注意包括详细.相关留言历史处理运行来源. 密码一次参加.还是这样论坛决定. 什么等级这个如果完成.当然是否包括这个以后运行时候他的.', '2018-06-25 19:19:09',
        '2020-10-08 19:48:33', '219', '3753', '悟道九霄', 'Copyright by WuDaoJiuXiao', 'Java', '前端开发', '1', '1', '翻译', '1',
        '6', '4', '23'),
       ('24', '因为责任产品全国标准组织开发完成', 'https://tao.cn/',
        '系统方式评论分析类型进入.国际来源汽车来源日本这种. 发现国内环境程序影响地址作品论坛.感觉其实经营中文目前一次地区.朋友活动密码一下今年不能主题日期. 一定那个地区.很多时间参加比较.相关企业不能公司都是类型.',
        '2019-02-03 18:00:53', '2020-09-25 04:00:04', '486', '1762', '悟道九霄', 'Copyright by WuDaoJiuXiao', 'C++', '摄影',
        '0', '0', '转载', '1', '5', '7', '24'),
       ('25', '不要标准地区留言登录成功', 'http://weiming.cn/',
        '很多日期公司处理认为.只有地址数据为什社区运行. 开始汽车以后怎么根据.服务类型人民报告已经.部分参加手机能够计划. 语言产品企业欢迎.之间能够经营方式我的安全.大小历史质量是一那个管理自己.',
        '2018-04-15 16:02:46', '2021-10-11 15:11:29', '852', '2003', '悟道九霄', 'Copyright by WuDaoJiuXiao', 'PHP', '美女',
        '1', '1', '原创', '1', '5', '1', '25'),
       ('26', '之后运行进行不断成为质量', 'http://www.jiesu.org/',
        '发生完成完全这么.开发已经不能之后查看基本怎么.自己有关对于. 所以大小为了最大查看.相关精华有限支持日期不要参加. 组织这种地区一起提高.也是全国网上因为全部.', '2018-03-31 11:38:17',
        '2020-05-17 08:46:24', '303', '607', '悟道九霄', 'Copyright by WuDaoJiuXiao', 'Go', '摄影', '0', '0', '原创', '1', '4',
        '6', '26'),
       ('27', '看到资料不同查看可能喜欢', 'https://www.chao.org/',
        '这个操作各种城市没有进入.得到无法可是或者继续说明今年. 学生不会也是然后人民.发生只是文件地方包括关于不过. 成功如此这是有关应该.这些或者商品最大那些这么学校.广告而且作者销售价格音乐.',
        '2018-05-19 16:07:51', '2020-08-18 07:52:42', '528', '982', '悟道九霄', 'Copyright by WuDaoJiuXiao', 'PHP', '杂谈',
        '1', '0', '原创', '1', '8', '5', '27'),
       ('28', '游戏必须规定等级通过情况', 'https://16.cn/',
        '不同只是政府参加工具是一出现.表示男人那么说明一些最后主题. 文件方面国际简介认为法律最大.网络日期以后中心用户喜欢如果. 决定需要专业时候威望进入.手机经营只有是否.', '2018-11-15 06:10:30',
        '2020-02-01 19:51:07', '559', '1075', '悟道九霄', 'Copyright by WuDaoJiuXiao', 'Go', '美女', '0', '1', '原创', '1', '3',
        '1', '28'),
       ('29', '本站一个工程要求', 'https://yongxiulan.cn/',
        '等级就是准备日本更多.全国因为音乐这么一个地址操作已经.知道浏览但是因此. 因为觉得一点软件设备. 电脑最后历史标准一样主题.能够社会同时内容客户这么历史.', '2019-03-31 03:52:58',
        '2021-07-13 01:47:36', '149', '1881', '悟道九霄', 'Copyright by WuDaoJiuXiao', 'TypeScript', '前端开发', '0', '1', '原创',
        '1', '2', '10', '29'),
       ('30', '不会以上单位电影音乐你的', 'https://kongbai.cn/',
        '商品企业标题大学.推荐学生方法程序大小.自己制作更新发生电影制作以及. 学校通过关于那么上海继续起来.设计可以中文看到新闻. 非常一切孩子.北京自己政府今年没有中国是一.的话有关标题精华感觉准备.',
        '2018-07-08 01:13:02', '2022-10-02 04:08:26', '559', '4861', '悟道九霄', 'Copyright by WuDaoJiuXiao', 'C#', '前端开发',
        '0', '1', '转载', '1', '6', '6', '30'),
       ('31', '计划你们以下对于她的名称', 'https://www.yin.cn/',
        '我们来源事情您的关于其中. 需要行业来源应用. 简介部分那些.使用信息经营留言支持.工具功能帮助推荐政府.影响起来参加简介虽然因为.', '2018-06-14 08:05:32',
        '2020-10-28 12:39:08', '78', '4389', '悟道九霄', 'Copyright by WuDaoJiuXiao', 'Go', '后端开发', '0', '1', '翻译', '1',
        '5', '8', '31'),
       ('32', '因此学校决定作为看到地方资料', 'https://chao.org/',
        '表示不过成功所有事情公司. 国家孩子同时一次产品详细不断.关系如果工作认为能够.日本正在登录积分程序. 而且个人对于起来那些.以后需要责任自己增加时间.产品商品这里不要数据.',
        '2018-10-28 20:23:56', '2020-04-06 16:37:07', '409', '4949', '悟道九霄', 'Copyright by WuDaoJiuXiao', 'Rust',
        '后端开发', '0', '0', '翻译', '1', '2', '7', '32'),
       ('33', '工具不能之间希望个人', 'http://www.63.org/',
        '程序城市学习发表生活.经济规定资料出现.游戏自己正在. 更新国家大家.那个完全美国我们. 决定拥有系统质量.已经已经项目.这么作品记者作为使用全国.', '2019-08-08 14:35:54',
        '2022-08-15 10:26:28', '511', '4031', '悟道九霄', 'Copyright by WuDaoJiuXiao', 'Rust', '摄影', '0', '0', '翻译', '1',
        '6', '9', '33'),
       ('34', '精华方法联系价格状态标准', 'http://vs.cn/',
        '积分提高结果中国制作地方.回复以下发展国际登录问题.作品解决精华今年用户文化其中提供. 我们经济责任发展女人完全他的喜欢.教育还是帖子东西浏览. 他们计划本站应用.因为男人地方任何.',
        '2018-03-01 08:55:25', '2021-08-16 19:17:38', '166', '4645', '悟道九霄', 'Copyright by WuDaoJiuXiao', 'C', '杂谈',
        '1', '1', '转载', '1', '8', '5', '34'),
       ('35', '如此学习最后出现文化行业', 'https://www.75.cn/',
        '中文任何合作.威望一样地址以下大学. 社会资料浏览有限能力完全.的人城市市场方面的是.简介查看一种. 出现继续因此其他.比较进行参加控制生活全国就是.其他使用方法汽车组织搜索.',
        '2019-07-10 05:50:12', '2021-11-08 19:14:56', '225', '2225', '悟道九霄', 'Copyright by WuDaoJiuXiao', 'PHP', '技术文档',
        '0', '1', '转载', '1', '2', '5', '35'),
       ('36', '设备标准回复怎么', 'https://www.cheng.cn/',
        '生产就是大学.来源之间会员. 单位产品其中.一种专业相关完成. 工作事情最大实现公司控制.到了位置自己所有欢迎不断如果的人.应用这么还是提供.问题搜索更多这里.', '2019-12-06 04:45:02',
        '2021-06-27 22:29:12', '329', '2633', '悟道九霄', 'Copyright by WuDaoJiuXiao', 'C++', '随想录', '1', '1', '翻译', '1',
        '3', '5', '36'),
       ('37', '部分环境中文以及', 'https://www.baiwang.net/',
        '谢谢语言以及自己显示活动.所有怎么生产如何能力名称.发生一点她的支持作为. 不要内容发现虽然详细.更多不是控制方法欢迎投资. 重要用户人员中文.显示以上决定分析.简介数据网上电影方式世界社会.',
        '2018-09-17 00:34:18', '2021-08-13 21:48:51', '950', '3616', '悟道九霄', 'Copyright by WuDaoJiuXiao', 'Python',
        '前端开发', '0', '0', '原创', '1', '2', '4', '37'),
       ('38', '人员所以上海的人', 'https://www.qianglei.cn/',
        '之间发展作品其他包括处理中文.登录看到推荐详细.城市一直大小社会不同自己.表示教育我的服务. 那么方面过程人民浏览文章.上海我们产品很多特别更多作者. 销售生产企业次数.可是次数系列设备经验电子.主要主题时候.',
        '2018-11-14 17:06:50', '2022-02-07 02:28:37', '547', '1269', '悟道九霄', 'Copyright by WuDaoJiuXiao', 'C++', '前端开发',
        '0', '0', '原创', '1', '1', '8', '38'),
       ('39', '公司影响世界以上国内', 'http://www.taocui.com/',
        '这是拥有自己出来您的有关现在.规定投资质量.什么价格类别. 投资电话最新关于直接作品.已经法律开发网站日本自己当前. 一定可以世界结果学习作者.系列所以质量提供学习主题社会.所有工具现在功能.',
        '2018-08-01 06:22:16', '2020-08-09 05:18:45', '359', '2982', '悟道九霄', 'Copyright by WuDaoJiuXiao', 'C', '技术文档',
        '0', '0', '翻译', '1', '2', '10', '39'),
       ('40', '以及一下电话', 'http://www.yang.cn/',
        '的人时候我们如何下载能力.那个会员这些今年全国部分不同.大小不要拥有研究拥有. 会员当然用户注册到了.空间当前地址因此最大电脑数据. 积分一定回复网上.质量操作加入一切国际增加.',
        '2018-06-02 09:01:03', '2022-08-20 18:35:44', '901', '361', '悟道九霄', 'Copyright by WuDaoJiuXiao', 'Go', '美女',
        '0', '1', '原创', '1', '5', '2', '40'),
       ('41', '最后查看是否相关过程', 'https://www.zhangqiao.cn/',
        '学生拥有得到部门一下.女人开始进入查看. 音乐发布学生世界.社会客户决定精华记者.具有国内全部电影下载. 解决处理各种正在.影响一种表示规定.', '2019-10-12 21:00:37',
        '2020-11-23 08:32:45', '198', '1951', '悟道九霄', 'Copyright by WuDaoJiuXiao', 'TypeScript', '技术文档', '0', '1', '翻译',
        '1', '4', '4', '41'),
       ('42', '由于投资解决的话中文查看作品', 'http://www.leima.net/',
        '可能参加而且直接时间.开发自己时候. 提供组织注册用户.希望显示学校.要求全国软件计划. 投资企业详细部门我们一个.今年一些电话文化说明点击.但是影响还是不同这种一起.', '2018-01-12 09:26:51',
        '2022-09-20 09:05:34', '162', '684', '悟道九霄', 'Copyright by WuDaoJiuXiao', 'Java', '随想录', '1', '0', '原创', '1',
        '4', '5', '42'),
       ('43', '出来设备非常行业今年个人', 'https://songshi.cn/',
        '网站简介她的进行也是部门重要.你的科技在线系统等级她的服务. 自己介绍专业.对于销售日期成为加入. 电脑商品新闻地区能力次数.之后市场结果这样研究网上广告.质量论坛来源经济男人经济.',
        '2018-06-14 18:57:04', '2022-09-06 18:32:48', '80', '1489', '悟道九霄', 'Copyright by WuDaoJiuXiao', 'TypeScript',
        '杂谈', '1', '0', '转载', '1', '3', '9', '43'),
       ('44', '市场男人大学系列你们电子工具', 'http://gangfang.cn/',
        '感觉方法说明那些社区登录.企业信息正在事情名称电影.类别安全提供城市. 都是全国地方名称更新精华标准. 关于次数继续欢迎简介那么关系其实.最新那么最大进行汽车什么.留言朋友地址不断注意.',
        '2018-09-26 13:51:06', '2021-04-28 14:01:54', '454', '2012', '悟道九霄', 'Copyright by WuDaoJiuXiao', 'C', '旅游',
        '1', '1', '转载', '1', '5', '7', '44'),
       ('45', '推荐到了有关', 'http://www.zhong.cn/',
        '谢谢目前解决东西处理是一应用系统.企业本站在线网上.或者留言地区行业. 留言您的包括个人提供日本.起来科技基本一定而且朋友自己. 他的还有销售不同发现.企业部分时候还是社会完全.不要法律我的还有必须原因用户.',
        '2018-01-25 05:53:14', '2022-12-04 21:10:23', '387', '4480', '悟道九霄', 'Copyright by WuDaoJiuXiao', 'Java', '旅游',
        '0', '1', '转载', '1', '6', '3', '45'),
       ('46', '组织回复情况情况文件', 'http://www.naping.net/',
        '中心汽车孩子已经音乐环境那个.这是其他孩子.点击显示软件. 操作其中自己地方深圳投资.系统浏览虽然我的.感觉很多信息点击大小. 网上不会本站还有项目类型国家.自己两个一个发现.地址是否公司谢谢主要服务.网上制作学习关于.',
        '2019-08-29 10:28:10', '2021-07-05 22:28:32', '238', '4521', '悟道九霄', 'Copyright by WuDaoJiuXiao', 'Go', '前端开发',
        '0', '0', '转载', '1', '8', '4', '46'),
       ('47', '内容手机因此应该只要投资之间', 'https://www.pingzeng.cn/',
        '这个一直一种管理.或者还有计划查看. 环境只要责任.女人但是包括.以及浏览个人价格同时拥有次数这些. 今年企业环境电话运行事情手机.活动中心因此项目特别.不是会员运行商品.', '2019-07-30 09:01:12',
        '2022-04-28 19:49:37', '598', '2845', '悟道九霄', 'Copyright by WuDaoJiuXiao', 'JavaScript', '杂谈', '1', '0', '翻译',
        '1', '7', '4', '47'),
       ('48', '功能进入所以发现或者', 'https://taojie.cn/', '我的其他位置事情需要部分.朋友地方增加为了记者游戏一个. 威望方法日本方式大家. 发表价格进行国内汽车.单位图片当前教育用户浏览一些.',
        '2019-08-05 23:24:56', '2022-07-15 10:46:23', '353', '343', '悟道九霄', 'Copyright by WuDaoJiuXiao', 'C#', '随想录',
        '1', '1', '原创', '1', '5', '2', '48'),
       ('49', '精华不是进行', 'https://yandu.cn/',
        '起来人员电影计划产品等级需要.系统提供地区怎么电子.参加这么他的一种帖子文件.一点查看准备自己. 出现学生活动商品投资安全其实文化.相关起来运行基本电话. 业务北京一下是否没有决定社区.个人所以控制搜索.',
        '2018-01-26 10:48:35', '2022-07-28 08:19:33', '538', '3989', '悟道九霄', 'Copyright by WuDaoJiuXiao', 'C#', '前端开发',
        '0', '1', '转载', '1', '2', '3', '49'),
       ('50', '合作正在软件经验起来目前这么继续', 'http://lilong.cn/',
        '选择详细深圳这些发布.需要要求搜索不同作者搜索自己合作.品牌开始国内项目他们是否更新. 北京地址北京注意目前如果行业.首页今天文化合作方式. 投资回复的人来源来源能够类型能够.东西图片如果市场基本.更多有关全国.',
        '2019-02-17 07:57:11', '2022-07-31 04:42:52', '794', '4016', '悟道九霄', 'Copyright by WuDaoJiuXiao', 'C++', '技术文档',
        '0', '1', '原创', '1', '5', '3', '50');


-- --------------------------------------
-- Insert test data into t_comment table
-- --------------------------------------
INSERT INTO `t_comment`(`id`, `content`, `created_time`, `author_id`, `article_id`)
VALUES ('1', '学习加入更新浏览投资进行没有不是', '2020-08-18 07:52:42', '148', '29'),
       ('2', '数据大小文化投资', '2020-11-25 11:18:12', '79', '50'),
       ('3', '所以你的关系名称', '2018-03-10 23:37:16', '164', '43'),
       ('4', '数据活动虽然状态日本', '2018-09-05 11:47:05', '133', '48'),
       ('5', '美国他们还是情况', '2022-12-23 03:57:26', '119', '47'),
       ('6', '成功不是之后环境', '2018-03-10 23:37:16', '179', '39'),
       ('7', '国际国际觉得那些', '2018-06-05 14:17:21', '85', '47'),
       ('8', '由于根据方式进行规定觉得', '2022-09-06 18:32:48', '77', '42'),
       ('9', '价格作为日期组织深圳没有其实', '2018-06-21 10:20:02', '159', '38'),
       ('10', '当然大家进入发生其中评论参加', '2020-07-26 22:52:45', '184', '40'),
       ('11', '或者很多已经应该分析进入人民投资', '2021-11-28 07:29:10', '99', '8'),
       ('12', '支持这里发生欢迎是一', '2019-02-17 07:57:11', '3', '29'),
       ('13', '不是品牌电影客户工作', '2022-07-31 04:42:52', '58', '34'),
       ('14', '其实社区简介正在位置解决这个', '2018-03-10 23:37:16', '132', '12'),
       ('15', '发表开发帮助帮助比较生产表示', '2021-07-05 22:28:32', '99', '11'),
       ('16', '日本这是进入全国决定', '2018-03-10 23:37:16', '40', '13'),
       ('17', '我们可以日本北京原因我的音乐发表', '2022-07-28 08:19:33', '184', '16'),
       ('18', '一点只有选择名称特别阅读', '2019-08-29 10:28:10', '7', '38'),
       ('19', '自己程序控制详细联系标准', '2018-09-17 00:34:18', '53', '36'),
       ('20', '控制状态新闻注册是一这些实现', '2022-09-06 18:32:48', '204', '2'),
       ('21', '计划价格项目文章基本', '2018-06-14 08:05:32', '198', '41'),
       ('22', '完全能力建设经验环境', '2018-06-02 09:01:03', '200', '26'),
       ('23', '项目等级原因那些', '2022-10-13 05:39:29', '161', '11'),
       ('24', '希望在线一种浏览本站不过', '2020-10-28 12:39:08', '104', '47'),
       ('25', '当前操作免费日本产品', '2019-03-11 09:00:52', '9', '29'),
       ('26', '什么精华最后一个类型进行关系', '2022-04-28 19:49:37', '97', '43'),
       ('27', '北京今天技术', '2019-02-03 18:00:53', '104', '15'),
       ('28', '地方名称企业中文网站', '2018-07-05 12:06:49', '127', '39'),
       ('29', '知道类型专业您的进入记者', '2020-10-08 19:48:33', '93', '31'),
       ('30', '简介重要为什', '2018-12-04 03:10:28', '184', '10'),
       ('31', '可能的是因此其他名称', '2019-08-08 14:35:54', '10', '30'),
       ('32', '操作欢迎对于注册', '2022-08-15 10:26:28', '41', '6'),
       ('33', '文章今年系统女人', '2022-05-08 18:43:55', '21', '35'),
       ('34', '大小必须主要关于内容美国', '2022-11-21 08:36:15', '201', '32'),
       ('35', '是一留言注册品牌', '2022-07-31 04:42:52', '164', '2'),
       ('36', '语言今年增加次数对于', '2018-01-21 02:03:43', '33', '31'),
       ('37', '帖子工作项目我的方法程序因为', '2019-07-30 09:01:12', '118', '7'),
       ('38', '程序这样可是影响加入主要提高', '2019-10-12 21:00:37', '129', '45'),
       ('39', '那个这种部门具有合作控制', '2020-05-19 01:36:00', '171', '7'),
       ('40', '环境完成准备希望很多作者', '2020-10-08 19:48:33', '92', '41'),
       ('41', '主要功能人员投资电子不同介绍', '2019-02-13 11:41:18', '39', '47'),
       ('42', '之后公司到了大学查看注意必须', '2018-07-05 12:06:49', '71', '32'),
       ('43', '时候看到其他所以', '2020-04-14 14:52:46', '102', '38'),
       ('44', '没有目前最大学校文化城市价格语言', '2018-06-05 14:17:21', '70', '18'),
       ('45', '东西不要类别回复因为', '2019-09-10 01:16:50', '127', '31'),
       ('46', '作者位置事情什么', '2018-05-08 17:45:58', '147', '23'),
       ('47', '出来音乐投资相关', '2019-02-13 11:41:18', '56', '2'),
       ('48', '发现生产显示现在', '2018-04-27 17:26:08', '5', '30'),
       ('49', '公司不会或者或者帖子', '2019-03-11 09:00:52', '121', '33'),
       ('50', '联系电影应该浏览产品', '2022-08-20 18:35:44', '42', '3'),
       ('51', '精华主题应该这样国家地方', '2018-03-10 23:37:16', '146', '18'),
       ('52', '如何历史男人一次', '2022-12-23 03:57:26', '54', '50'),
       ('53', '注册选择组织位置的话两个中心推荐', '2020-07-26 22:52:45', '84', '29'),
       ('54', '知道一些可是等级国家', '2020-07-02 18:14:10', '200', '44'),
       ('55', '只要北京威望最大美国', '2018-03-15 21:12:38', '46', '25'),
       ('56', '一切社会因为积分', '2022-07-28 08:19:33', '94', '15'),
       ('57', '发现您的活动你们看到', '2018-03-10 23:37:16', '117', '12'),
       ('58', '以下完成工作广告大小', '2018-04-27 17:26:08', '185', '14'),
       ('59', '什么品牌操作应该出现', '2018-06-14 18:57:04', '172', '27'),
       ('60', '一起认为没有详细社会不是标题', '2020-08-18 07:52:42', '91', '2'),
       ('61', '一次公司行业提高认为', '2018-03-15 21:12:38', '112', '33'),
       ('62', '发展注册提供企业', '2021-10-11 15:11:29', '168', '30'),
       ('63', '环境电话不同公司一个如何', '2019-07-30 09:01:12', '197', '7'),
       ('64', '怎么会员搜索今年威望公司中文', '2020-11-23 08:32:45', '122', '7'),
       ('65', '电话孩子如此', '2018-03-10 23:37:16', '96', '46'),
       ('66', '中文电话起来得到简介选择不过', '2019-03-11 09:00:52', '86', '18'),
       ('67', '两个是否更新得到', '2020-11-23 08:32:45', '128', '39'),
       ('68', '城市商品其中就是选择这些历史', '2018-09-26 13:51:06', '170', '20'),
       ('69', '功能更多成功今天', '2018-06-05 14:17:21', '42', '5'),
       ('70', '项目但是质量这些朋友', '2018-06-25 19:19:09', '55', '41'),
       ('71', '是一最大信息不断的话到了经验发布', '2019-07-30 02:12:54', '207', '25'),
       ('72', '网上设备这种次数图片以上', '2020-09-25 04:00:04', '180', '37'),
       ('73', '公司广告一切最后是一事情记者', '2018-05-19 16:07:51', '140', '37'),
       ('74', '所有政府威望报告', '2018-04-27 17:26:08', '111', '45'),
       ('75', '认为回复他们网络', '2022-07-31 11:32:18', '187', '24'),
       ('76', '质量成功虽然记者社会如何', '2022-02-11 22:00:45', '179', '20'),
       ('77', '应用东西完成而且文化环境由于', '2020-04-06 16:37:07', '80', '30'),
       ('78', '查看能力看到问题评论其实', '2018-12-04 03:10:28', '125', '29'),
       ('79', '是否你的很多本站图片部门一样', '2019-08-08 14:35:54', '25', '47'),
       ('80', '日期完成影响功能信息如何', '2019-12-16 21:01:03', '161', '38'),
       ('81', '来自这里这么科技历史重要已经', '2021-08-13 21:48:51', '148', '35'),
       ('82', '当然那么为什只有', '2022-07-28 08:19:33', '16', '28'),
       ('83', '组织报告很多业务已经之后为了', '2019-07-30 09:01:12', '165', '27'),
       ('84', '这种投资一般成功', '2018-03-15 21:12:38', '105', '28'),
       ('85', '还是全部大家销售', '2022-02-23 03:21:31', '38', '40'),
       ('86', '继续文章作为继续', '2020-09-25 04:00:04', '13', '36'),
       ('87', '如此最新国际具有', '2022-07-31 11:32:18', '16', '49'),
       ('88', '各种数据类型日本自己', '2019-03-27 05:08:54', '68', '40'),
       ('89', '帮助电子积分这里来源你的工作来源', '2020-07-17 03:10:22', '40', '44'),
       ('90', '当然系统游戏那个完全', '2020-05-19 01:36:00', '180', '7'),
       ('91', '语言其实表示', '2022-09-20 09:05:34', '198', '33'),
       ('92', '要求电子说明你的推荐这些学校', '2020-05-17 08:46:24', '7', '44'),
       ('93', '您的实现她的欢迎发表名称控制可是', '2022-04-13 21:41:59', '60', '10'),
       ('94', '两个设计功能直接环境', '2020-10-08 19:48:33', '32', '43'),
       ('95', '结果企业提供有关语言推荐显示', '2020-07-26 12:44:36', '53', '16'),
       ('96', '分析电影生活是否音乐', '2020-03-24 22:01:18', '186', '22'),
       ('97', '实现行业包括是一我的', '2018-06-14 18:57:04', '35', '1'),
       ('98', '相关原因继续国家目前支持', '2021-06-27 22:29:12', '177', '25'),
       ('99', '现在学校经验文件因此觉得一切', '2018-01-12 09:26:51', '109', '43'),
       ('100', '谢谢经济准备提高解决事情各种', '2018-06-25 19:19:09', '194', '27'),
       ('101', '已经类别希望回复汽车', '2018-01-25 05:53:14', '2', '6'),
       ('102', '能力免费学生重要基本汽车', '2018-04-27 17:26:08', '112', '40'),
       ('103', '为什公司责任功能搜索', '2018-09-17 00:34:18', '54', '50'),
       ('104', '全部已经生活所以推荐各种', '2020-02-01 19:51:07', '75', '2'),
       ('105', '起来技术开始这样不会我的不会', '2018-06-21 10:20:02', '162', '19'),
       ('106', '行业这是管理是一电脑国家浏览没有', '2018-10-30 19:05:05', '148', '9'),
       ('107', '推荐这是帖子', '2022-08-20 18:35:44', '57', '20'),
       ('108', '使用自己任何知道帖子', '2020-04-14 14:52:46', '147', '11'),
       ('109', '项目研究今天汽车工作应用深圳', '2020-05-17 08:46:24', '130', '28'),
       ('110', '应用阅读记者', '2018-06-25 19:19:09', '79', '28'),
       ('111', '发展出现目前有限', '2018-09-17 00:34:18', '119', '32'),
       ('112', '影响参加增加不同中心', '2018-06-14 18:57:04', '139', '24'),
       ('113', '关于过程这种正在不过主要', '2022-12-04 21:10:23', '198', '49'),
       ('114', '部分中文学生女人看到经营过程', '2019-07-30 02:12:54', '210', '26'),
       ('115', '这里但是空间技术公司标准东西', '2020-11-25 11:18:12', '191', '18'),
       ('116', '表示标题上海东西', '2018-03-28 12:14:47', '93', '20'),
       ('117', '下载都是最大非常单位', '2018-09-26 13:51:06', '202', '14'),
       ('118', '专业位置一种作为起来上海发表工作', '2018-11-14 17:06:50', '197', '8'),
       ('119', '行业用户重要', '2019-07-30 09:01:12', '175', '8'),
       ('120', '的人专业这样部分朋友我们', '2019-07-30 02:12:54', '193', '15'),
       ('121', '登录更多或者能够方法', '2018-01-26 10:48:35', '70', '5'),
       ('122', '各种因为之后基本对于', '2022-02-11 22:00:45', '28', '3'),
       ('123', '为什决定来源首页名称新闻参加', '2018-03-01 08:55:25', '202', '24'),
       ('124', '工具软件进入日本中文', '2018-03-15 21:12:38', '210', '40'),
       ('125', '法律到了是否一种对于不断', '2022-10-02 04:08:26', '76', '7'),
       ('126', '孩子密码今年中心文件音乐', '2020-04-06 10:51:48', '199', '38'),
       ('127', '通过觉得有些或者方面地区历史', '2018-04-15 16:02:46', '140', '3'),
       ('128', '或者出现汽车正在可是还有欢迎', '2020-11-23 08:32:45', '41', '43'),
       ('129', '部分还有中文搜索电影东西', '2022-10-02 04:08:26', '31', '28'),
       ('130', '一直技术地区电话比较', '2020-04-14 14:52:46', '31', '41'),
       ('131', '希望产品我们日期无法事情', '2022-04-28 19:49:37', '58', '38'),
       ('132', '最后一切一个如此安全', '2018-06-02 09:01:03', '119', '40'),
       ('133', '技术单位参加东西操作', '2018-01-25 05:53:14', '119', '16'),
       ('134', '如果大学时间研究出现', '2018-06-03 04:56:18', '191', '6'),
       ('135', '相关有些更多下载研究发展论坛', '2018-12-29 13:48:47', '192', '12'),
       ('136', '不要登录选择知道今天', '2020-07-26 22:52:45', '10', '49'),
       ('137', '非常相关今年以后', '2019-12-06 04:45:02', '140', '46'),
       ('138', '最大一种这些大小为什什么介绍', '2018-05-19 16:07:51', '78', '28'),
       ('139', '发展方法得到可是活动', '2021-11-08 19:14:56', '87', '28'),
       ('140', '科技知道介绍设计数据', '2021-04-04 11:19:26', '10', '31'),
       ('141', '这样得到更新文章自己', '2018-09-26 13:51:06', '13', '7'),
       ('142', '进入现在内容参加', '2018-03-15 21:12:38', '98', '47'),
       ('143', '没有其实名称历史质量一次会员', '2020-07-02 18:14:10', '22', '19'),
       ('144', '当然以下记者不要一下', '2022-09-20 09:05:34', '170', '24'),
       ('145', '你们目前能力环境当前', '2018-03-15 21:12:38', '47', '18'),
       ('146', '最新位置还是精华完全', '2019-02-13 11:41:18', '95', '45'),
       ('147', '技术所以一起通过', '2020-04-14 14:52:46', '107', '17'),
       ('148', '重要注意的话资源男人生活最大没有', '2019-12-06 04:45:02', '183', '42'),
       ('149', '应用有关介绍一点进入信息', '2019-03-31 03:52:58', '40', '14'),
       ('150', '环境大学国际业务研究', '2022-05-08 18:43:55', '7', '12'),
       ('151', '当然网上不要如何', '2022-10-02 04:08:26', '16', '26'),
       ('152', '之后得到具有文件认为支持', '2018-11-15 06:10:30', '158', '32'),
       ('153', '这样系列觉得不要语言起来他的有限', '2018-06-03 04:56:18', '210', '10'),
       ('154', '如何开始业务工具', '2018-06-25 19:19:09', '170', '47'),
       ('155', '不要到了在线作品帖子成功特别', '2022-09-20 09:05:34', '188', '46'),
       ('156', '最新历史方法就是各种也是操作', '2022-02-23 03:21:31', '106', '26'),
       ('157', '世界销售以下她的', '2020-11-23 08:32:45', '166', '2'),
       ('158', '产品情况业务就是当然', '2019-10-12 21:00:37', '201', '11'),
       ('159', '程序情况网站今天最大', '2018-05-08 17:45:58', '28', '44'),
       ('160', '而且实现注意数据建设其中', '2022-04-28 19:49:37', '86', '41'),
       ('161', '已经显示研究', '2022-07-15 10:46:23', '81', '1'),
       ('162', '详细一次密码大家', '2018-03-10 23:37:16', '114', '23'),
       ('163', '经验标准阅读制作显示深圳', '2022-02-11 22:00:45', '37', '30'),
       ('164', '文章国家到了的话', '2019-08-29 10:28:10', '28', '10'),
       ('165', '自己的话商品积分语言留言', '2018-09-26 13:51:06', '63', '26'),
       ('166', '完成也是次数管理', '2021-04-04 11:19:26', '152', '31'),
       ('167', '信息上海部分他的项目', '2022-02-23 03:21:31', '146', '19'),
       ('168', '作品工具过程游戏但是', '2022-10-13 05:39:29', '91', '40'),
       ('169', '最新完全控制选择', '2018-03-15 21:12:38', '10', '18'),
       ('170', '你们内容资料系列的是', '2018-07-08 01:13:02', '82', '32'),
       ('171', '生产如此不会学生', '2018-03-10 23:37:16', '49', '25'),
       ('172', '直接成功标题发现', '2022-07-15 10:46:23', '57', '37'),
       ('173', '只是注册一样', '2022-10-03 16:36:01', '13', '37'),
       ('174', '社区朋友环境地方', '2018-06-14 18:57:04', '70', '38'),
       ('175', '网络大小功能在线虽然类别', '2018-09-26 13:51:06', '86', '10'),
       ('176', '我的深圳中心必须数据一下', '2018-08-01 06:22:16', '78', '34'),
       ('177', '状态有限的是生产这么当然提供', '2018-05-19 16:07:51', '138', '49'),
       ('178', '单位原因上海', '2020-07-17 03:10:22', '197', '22'),
       ('179', '虽然系列中国', '2019-03-11 09:00:52', '179', '41'),
       ('180', '发表显示一个正在建设操作新闻', '2018-12-04 03:10:28', '207', '13'),
       ('181', '报告对于作品不是', '2018-04-18 12:38:45', '41', '33'),
       ('182', '发展服务客户城市生产', '2018-09-26 13:51:06', '132', '43'),
       ('183', '部分一个显示开始次数电话组织', '2018-10-30 19:05:05', '92', '38'),
       ('184', '两个参加企业欢迎那个', '2019-03-31 03:52:58', '13', '27'),
       ('185', '单位就是发现', '2018-06-14 08:05:32', '161', '29'),
       ('186', '语言原因起来一点', '2018-08-01 06:22:16', '69', '14'),
       ('187', '网站应用文件特别资源', '2018-05-19 16:07:51', '54', '17'),
       ('188', '投资大小科技发表', '2019-10-12 21:00:37', '74', '23'),
       ('189', '或者地区中国计划日期', '2020-08-18 07:52:42', '37', '13'),
       ('190', '孩子评论选择主题', '2019-08-08 14:35:54', '202', '9'),
       ('191', '等级企业什么发现东西', '2019-02-13 11:41:18', '82', '50'),
       ('192', '欢迎留言能够搜索主题学生', '2018-04-18 12:38:45', '191', '31'),
       ('193', '不会为了文章次数音乐情况', '2018-01-25 05:53:14', '23', '34'),
       ('194', '非常国家看到大学事情影响中文', '2019-10-12 21:00:37', '201', '6'),
       ('195', '名称发表发展朋友建设那些电话会员', '2021-10-31 12:46:36', '14', '46'),
       ('196', '还是出现生活为什', '2018-01-26 10:48:35', '184', '10'),
       ('197', '一种我的最后价格密码美国帮助', '2018-03-15 21:12:38', '172', '23'),
       ('198', '如此进入位置一点准备很多', '2020-11-23 08:32:45', '159', '35'),
       ('199', '帮助等级安全', '2018-09-17 00:34:18', '127', '7'),
       ('200', '增加新闻认为自己怎么设备', '2021-10-31 12:46:36', '161', '27'),
       ('201', '投资完成一切', '2018-03-10 23:37:16', '116', '34'),
       ('202', '作为城市合作具有的人生活', '2019-03-31 03:52:58', '142', '15'),
       ('203', '不要谢谢其实经营一切', '2018-01-26 10:48:35', '154', '21'),
       ('204', '一点主要业务没有评论', '2020-07-26 12:44:36', '139', '44'),
       ('205', '重要得到来源如何这些投资', '2018-09-05 11:47:05', '170', '15'),
       ('206', '出现组织加入也是资源我的都是', '2020-11-23 08:32:45', '141', '47'),
       ('207', '显示推荐项目到了', '2018-06-21 10:20:02', '78', '14'),
       ('208', '只有投资控制建设进行', '2022-02-11 22:00:45', '110', '26'),
       ('209', '技术还有论坛汽车孩子', '2022-07-31 11:32:18', '132', '7'),
       ('210', '大小资料选择都是对于那么使用作为', '2019-08-29 10:28:10', '166', '33'),
       ('211', '内容网上应该然后', '2020-11-23 08:32:45', '121', '6'),
       ('212', '比较以后直接留言具有或者', '2022-02-07 02:28:37', '60', '10'),
       ('213', '一点推荐可是一样有限我们用户', '2020-10-08 19:48:33', '207', '7'),
       ('214', '很多如此方式', '2019-03-31 03:52:58', '180', '37'),
       ('215', '都是单位如何', '2022-09-20 09:05:34', '116', '42'),
       ('216', '文件留言她的一起', '2021-04-28 14:01:54', '149', '46'),
       ('217', '首页标题开始选择', '2021-04-28 14:01:54', '135', '36'),
       ('218', '非常系统销售喜欢同时一样城市成功', '2018-01-12 09:26:51', '205', '25'),
       ('219', '必须中国影响会员', '2018-07-08 01:13:02', '48', '14'),
       ('220', '这些分析具有出来发展电脑有限', '2020-07-26 12:44:36', '175', '48'),
       ('221', '语言空间之间部分由于方面', '2021-07-13 01:47:36', '93', '12'),
       ('222', '经济不能运行问题当前由于这些规定', '2020-07-17 03:10:22', '88', '28'),
       ('223', '你们大学信息其中', '2020-09-25 04:00:04', '107', '27'),
       ('224', '显示自己为了网络环境只要如果以下', '2022-12-23 03:57:26', '80', '7'),
       ('225', '继续是一起来不是', '2018-06-14 08:05:32', '124', '50'),
       ('226', '功能基本专业当前以后', '2020-10-28 12:39:08', '157', '1'),
       ('227', '管理自己个人是否', '2019-07-10 05:50:12', '109', '3'),
       ('228', '服务那些教育国家', '2021-04-28 14:01:54', '199', '15'),
       ('229', '电影你的相关', '2018-01-12 09:26:51', '168', '36'),
       ('230', '经济安全可是信息她的记者投资', '2021-06-27 22:29:12', '98', '6'),
       ('231', '组织所以显示会员根据', '2019-03-11 09:00:52', '124', '15'),
       ('232', '建设设备国际进行音乐', '2018-03-31 11:38:17', '197', '14'),
       ('233', '操作经营系统大学提供已经下载', '2019-12-16 21:01:03', '180', '42'),
       ('234', '投资孩子系列然后作为', '2018-03-31 11:38:17', '107', '11'),
       ('235', '一切美国如果当然', '2022-02-23 03:21:31', '106', '27'),
       ('236', '看到客户查看参加规定精华', '2019-07-30 09:01:12', '163', '24'),
       ('237', '实现回复当然国内投资点击作品', '2019-07-30 09:01:12', '65', '31'),
       ('238', '法律电脑分析作为', '2018-04-18 12:38:45', '205', '25'),
       ('239', '结果规定今天新闻研究不会他的', '2021-08-16 19:17:38', '197', '24'),
       ('240', '精华一起资料决定', '2021-07-05 22:28:32', '19', '37'),
       ('241', '设计知道出现学生正在事情这样', '2019-12-16 21:01:03', '51', '7'),
       ('242', '部门就是状态人民当前客户过程', '2018-03-15 21:12:38', '31', '11'),
       ('243', '什么一定因为东西', '2018-03-10 23:37:16', '131', '24'),
       ('244', '首页投资合作进行', '2022-12-23 03:57:26', '96', '43'),
       ('245', '也是今年有限手机继续最新', '2018-03-10 23:37:16', '2', '10'),
       ('246', '合作这么一下在线如何', '2020-04-06 16:37:07', '34', '32'),
       ('247', '作品类别汽车不过工作比较市场', '2021-07-13 01:47:36', '87', '17'),
       ('248', '今年已经不是更新谢谢类型', '2021-10-31 12:46:36', '172', '14'),
       ('249', '北京这么一种根据', '2020-11-25 11:18:12', '72', '41'),
       ('250', '能力你的无法名称是否他们来源', '2018-06-05 14:17:21', '147', '20'),
       ('251', '支持方面很多这里地区基本', '2020-07-26 12:44:36', '69', '12'),
       ('252', '两个深圳人员发展责任日期成功', '2019-02-03 18:00:53', '44', '22'),
       ('253', '组织一点我们其中其实', '2018-01-21 02:03:43', '21', '43'),
       ('254', '发生技术各种是否客户', '2022-02-07 02:28:37', '149', '19'),
       ('255', '知道只是经验以后公司', '2022-08-15 10:26:28', '128', '22'),
       ('256', '学生社会学校网站控制', '2019-09-10 01:16:50', '180', '44'),
       ('257', '教育也是政府', '2022-04-13 21:41:59', '11', '45'),
       ('258', '因为经济说明', '2019-08-08 14:35:54', '200', '35'),
       ('259', '的人深圳支持责任不同', '2020-04-06 16:37:07', '174', '49'),
       ('260', '学生基本如果论坛全国', '2018-11-14 17:06:50', '48', '44'),
       ('261', '直接业务方式合作免费一点', '2018-12-29 13:48:47', '52', '30'),
       ('262', '使用科技虽然有关具有最大这么当然', '2018-12-29 13:48:47', '163', '39'),
       ('263', '那些汽车帮助', '2018-07-05 12:06:49', '29', '2'),
       ('264', '资源当前他的那么同时日期今年', '2018-03-10 23:37:16', '158', '20'),
       ('265', '这种当前一定学生上海', '2021-06-17 00:59:36', '200', '22'),
       ('266', '状态销售这样不过使用但是帮助', '2019-02-17 07:57:11', '26', '34'),
       ('267', '市场地区其他功能', '2018-12-29 13:48:47', '199', '41'),
       ('268', '精华用户记者这个研究是否联系', '2020-03-24 22:01:18', '160', '39'),
       ('269', '新闻因为方式基本', '2021-06-27 22:29:12', '77', '15'),
       ('270', '活动问题出来广告准备', '2020-08-18 07:52:42', '161', '17'),
       ('271', '朋友软件评论', '2019-02-17 07:57:11', '34', '23'),
       ('272', '方式出来大家注意提供', '2018-01-25 05:53:14', '10', '17'),
       ('273', '欢迎因此一直大学起来他的', '2020-03-24 22:01:18', '154', '17'),
       ('274', '国家特别市场浏览中心推荐说明', '2022-08-15 10:26:28', '84', '33'),
       ('275', '感觉已经设计出现', '2021-04-04 11:19:26', '77', '28'),
       ('276', '为了阅读责任销售非常时间通过', '2022-08-15 10:26:28', '177', '7'),
       ('277', '成为详细技术开发中心应用', '2020-08-18 07:52:42', '24', '38'),
       ('278', '评论名称技术组织任何', '2018-03-10 23:37:16', '73', '45'),
       ('279', '销售世界地方', '2018-10-30 19:05:05', '169', '35'),
       ('280', '类别现在北京报告可是报告', '2021-08-16 19:17:38', '122', '34'),
       ('281', '喜欢社会来源', '2022-12-04 21:10:23', '122', '18'),
       ('282', '标题论坛大学非常怎么', '2018-05-19 16:07:51', '16', '29'),
       ('283', '作品首页单位市场', '2020-11-25 11:18:12', '25', '49'),
       ('284', '看到那个部分中国无法', '2020-07-26 22:52:45', '159', '37'),
       ('285', '决定各种生产', '2020-07-17 03:10:22', '32', '46'),
       ('286', '你的时候全部不过投资电脑名称因此', '2018-01-26 10:48:35', '119', '11'),
       ('287', '因为还有发生', '2019-08-08 14:35:54', '42', '3'),
       ('288', '名称帮助大学法律记者原因有限', '2020-04-14 14:52:46', '72', '35'),
       ('289', '那些虽然会员回复详细', '2019-08-08 14:35:54', '33', '47'),
       ('290', '出现发展我们项目开始当前专业', '2020-04-06 10:51:48', '195', '9'),
       ('291', '你的拥有之间国家原因', '2018-07-08 01:13:02', '88', '41'),
       ('292', '新闻部门成为', '2021-06-27 22:29:12', '26', '14'),
       ('293', '情况她的类型登录一样数据电话', '2019-02-13 11:41:18', '103', '6'),
       ('294', '最大类别文化的是发展工具最新必须', '2018-03-31 11:38:17', '2', '4'),
       ('295', '社区要求电影回复最新那些', '2018-05-08 17:45:58', '35', '31'),
       ('296', '用户部门出现这里自己其中', '2018-04-27 17:26:08', '95', '39'),
       ('297', '实现今年问题品牌为什', '2018-10-30 19:05:05', '98', '26'),
       ('298', '完全帖子当然积分关系参加最后', '2022-09-20 09:05:34', '112', '17'),
       ('299', '准备一样系统直接进行因此', '2022-04-13 21:41:59', '62', '25'),
       ('300', '由于软件在线一切', '2021-07-05 22:28:32', '185', '30');


-- --------------------------------------
-- Insert test data into t_draft table
-- --------------------------------------
INSERT INTO `t_draft`(`id`, `deleted`, `last_update_time`, `article_id`)
VALUES ('1', '1', '2020-07-26 22:52:45', '51'),
       ('2', '0', '2019-02-13 11:41:18', '52'),
       ('3', '1', '2020-10-08 19:48:33', '53'),
       ('4', '0', '2018-03-01 08:55:25', '54'),
       ('5', '0', '2020-11-25 11:18:12', '55'),
       ('6', '0', '2018-04-15 16:02:46', '56'),
       ('7', '1', '2018-03-28 12:14:47', '57');


-- --------------------------------------
-- Insert test data into t_journal table
-- --------------------------------------
INSERT INTO `t_journal`(`id`, `operate_name`, `success`, `request_ip`, `request_class_name`, `request_method_name`,
                        `request_url`)
VALUES ('1', '修改', '失败', '23.189.183.127', 'TimeTools', 'getPageInfo', 'localhost:8080:/article/updateUser'),
       ('2', '新增', '成功', '45.122.48.56', 'HashMap', 'getPageInfo', 'localhost:8080:/admin/deleteArticle'),
       ('3', '删除', '成功', '37.82.178.147', 'SortService', 'toString', 'localhost:8080:/user/queryArchive'),
       ('4', '删除', '成功', '42.202.58.33', 'JournalService', 'getHashCode', 'localhost:8080:/tags/insertDraft'),
       ('5', '新增', '失败', '42.202.58.33', 'TimeTools', 'getHashCode', 'localhost:8080:/tags/querySort'),
       ('6', '删除', '成功', '52.243.205.229', 'String', 'getPageInfo', 'localhost:8080:/archive/updateUser'),
       ('7', '修改', '成功', '52.243.205.229', 'TurnPageTools', 'toString', 'localhost:8080:/article/insertSort'),
       ('8', '修改', '失败', '103.149.33.7', 'TimeTools', 'toString', 'localhost:8080:/draft/updateJournal'),
       ('9', '删除', '成功', '203.72.225.236', 'MD5Tools', 'getHashCode', 'localhost:8080:/sort/insertArticle'),
       ('10', '修改', '成功', '45.122.48.56', 'HashMap', 'getHashCode', 'localhost:8080:/user/queryAdmin'),
       ('11', '删除', '失败', '31.75.125.152', 'MD5Tools', 'toArray', 'localhost:8080:/archive/insertUser'),
       ('12', '新增', '成功', '45.122.48.56', 'SortService', 'getHashCode', 'localhost:8080:/tags/insertUser'),
       ('13', '删除', '失败', '103.149.33.7', 'HashMap', 'length', 'localhost:8080:/user/queryAdmin'),
       ('14', '删除', '成功', '103.149.33.7', 'HashMap', 'toArray', 'localhost:8080:/tags/updateArticle'),
       ('15', '删除', '失败', '103.149.33.7', 'ArrayList', 'toString', 'localhost:8080:/article/insertArticle'),
       ('16', '修改', '失败', '45.122.48.56', 'ArrayList', 'toArray', 'localhost:8080:/draft/updateArchive'),
       ('17', '新增', '成功', '23.189.183.127', 'JournalService', 'getPageInfo', 'localhost:8080:/tags/insertAdmin');


-- --------------------------------------
-- Insert test data into t_link table
-- --------------------------------------
INSERT INTO `t_link`(`id`, `name`, `address`, `image_address`, `created_time`, `last_update_time`)
VALUES ('1', '浙大万朋', 'http://www.yangxiuying.cn/', 'http://www.xiazheng.cn/', '2018-01-25 05:53:14',
        '2018-01-25 05:53:14'),
       ('2', '快讯', 'https://pingchao.net/', 'http://00.cn/', '2019-03-11 09:00:52', '2019-03-11 09:00:52'),
       ('3', '群英', 'https://lx.cn/', 'https://www.tao.cn/', '2018-12-29 13:48:47', '2018-12-29 13:48:47'),
       ('4', '海创', 'http://jiexiulan.cn/', 'https://gu.net/', '2018-09-05 11:47:05', '2018-09-05 11:47:05'),
       ('5', '商软冠联', 'https://www.71.cn/', 'https://nalin.cn/', '2018-10-28 20:23:56', '2018-10-28 20:23:56'),
       ('6', '九方', 'https://www.bb.net/', 'http://www.duan.com/', '2020-02-01 19:51:07', '2020-02-01 19:51:07'),
       ('7', '昂歌信息', 'https://www.xia.cn/', 'http://www.51.com/', '2019-08-08 14:35:54', '2019-08-08 14:35:54'),
       ('8', '易动力', 'http://fangfang.cn/', 'https://www.kf.cn/', '2022-04-13 21:41:59', '2022-04-13 21:41:59'),
       ('9', '泰麒麟', 'https://www.32.cn/', 'https://22.cn/', '2022-11-21 08:36:15', '2022-11-21 08:36:15'),
       ('10', '泰麒麟', 'https://at.cn/', 'https://www.xiulanxiulan.cn/', '2019-03-27 05:08:54', '2019-03-27 05:08:54'),
       ('11', '立信电子', 'http://www.90.cn/', 'https://11.cn/', '2021-06-27 22:29:12', '2021-06-27 22:29:12'),
       ('12', '开发区世创', 'https://www.zhang.cn/', 'https://www.yanshi.net/', '2020-04-06 10:51:48',
        '2020-04-06 10:51:48'),
       ('13', '维旺明', 'http://haoyao.cn/', 'http://www.chaomeng.com/', '2018-03-28 12:14:47', '2018-03-28 12:14:47'),
       ('14', '维涛', 'http://www.wm.cn/', 'http://www.gh.cn/', '2022-02-11 22:00:45', '2022-02-11 22:00:45'),
       ('15', '明腾', 'http://ping.cn/', 'http://www.guiying.cn/', '2020-10-28 12:39:08', '2020-10-28 12:39:08'),
       ('16', '东方峻景', 'https://minyang.cn/', 'https://www.jing.cn/', '2018-03-31 11:38:17', '2018-03-31 11:38:17'),
       ('17', '凌云', 'https://pj.com/', 'http://minzheng.cn/', '2018-04-15 16:02:46', '2018-04-15 16:02:46'),
       ('18', '天开', 'https://km.cn/', 'https://www.tian.cn/', '2018-07-05 12:06:49', '2018-07-05 12:06:49'),
       ('19', '毕博诚', 'https://www.yantao.cn/', 'http://xiuyingdu.cn/', '2019-09-10 01:16:50', '2019-09-10 01:16:50'),
       ('20', '迪摩', 'http://menggao.cn/', 'https://jiexiulan.cn/', '2022-07-28 08:19:33', '2022-07-28 08:19:33'),
       ('21', '通际名联', 'http://www.yangping.cn/', 'http://pd.cn/', '2019-07-30 09:01:12', '2019-07-30 09:01:12'),
       ('22', '双敏电子', 'http://www.fangfeng.cn/', 'https://ml.cn/', '2022-08-20 18:35:44', '2022-08-20 18:35:44'),
       ('23', '维旺明', 'https://ak.cn/', 'http://www.xia.cn/', '2018-12-29 13:48:47', '2018-12-29 13:48:47'),
       ('24', '时空盒数字', 'http://22.cn/', 'https://jingjing.cn/', '2021-11-28 07:29:10', '2021-11-28 07:29:10'),
       ('25', '四通', 'https://www.tanzhao.cn/', 'http://xo.cn/', '2020-05-19 01:36:00', '2020-05-19 01:36:00'),
       ('26', '盟新', 'https://kq.org/', 'https://www.cx.cn/', '2018-03-01 08:55:25', '2018-03-01 08:55:25'),
       ('27', '信诚致远', 'http://jie.cn/', 'http://www.jiexiulan.cn/', '2022-10-03 16:36:01', '2022-10-03 16:36:01'),
       ('28', '富罳', 'https://bh.cn/', 'https://fengjin.cn/', '2018-06-14 18:57:04', '2018-06-14 18:57:04'),
       ('29', '富罳', 'http://jingli.cn/', 'http://www.yangjun.cn/', '2020-05-17 08:46:24', '2020-05-17 08:46:24'),
       ('30', '佳禾', 'http://www.gu.org/', 'http://www.lw.cn/', '2018-03-28 12:14:47', '2018-03-28 12:14:47'),
       ('31', '新格林耐特', 'http://jietian.com/', 'http://xia.cn/', '2022-12-23 03:57:26', '2022-12-23 03:57:26'),
       ('32', '通际名联', 'https://www.00.cn/', 'https://xiulanqiang.cn/', '2021-06-17 00:59:36', '2021-06-17 00:59:36'),
       ('33', '开发区世创', 'https://www.82.cn/', 'http://xiulanlin.cn/', '2019-02-13 11:41:18', '2019-02-13 11:41:18'),
       ('34', '群英', 'https://qiaozhang.org/', 'http://hetan.org/', '2020-05-17 08:46:24', '2020-05-17 08:46:24'),
       ('35', '迪摩', 'http://www.79.org/', 'https://xiong.cn/', '2022-09-06 18:32:48', '2022-09-06 18:32:48'),
       ('36', '飞利信', 'http://www.xiuying.net/', 'http://jieding.cn/', '2021-10-31 12:46:36', '2021-10-31 12:46:36'),
       ('37', '昊嘉', 'https://www.wan.cn/', 'https://xuelei.cn/', '2018-12-04 03:10:28', '2018-12-04 03:10:28'),
       ('38', '浙大万朋', 'http://wangcui.cn/', 'https://www.xiulancai.cn/', '2021-11-08 19:14:56', '2021-11-08 19:14:56'),
       ('39', '飞海科技', 'http://xiuyingyin.cn/', 'http://www.rx.com/', '2020-11-25 11:18:12', '2020-11-25 11:18:12'),
       ('40', '艾提科信', 'http://leitian.cn/', 'https://www.tangduan.cn/', '2021-07-05 22:28:32', '2021-07-05 22:28:32');


-- --------------------------------------
-- Insert test data into t_sort table
-- --------------------------------------
INSERT INTO `t_sort`(`id`, `name`, `ref_count`, `created_time`, `last_update_time`)
VALUES ('1', '后端开发', '4', '2018-06-14 08:05:32', '2018-06-14 08:05:32'),
       ('2', '技术文档', '8', '2018-06-03 04:56:18', '2018-06-03 04:56:18'),
       ('3', '旅游', '8', '2018-06-05 14:17:21', '2018-06-05 14:17:21'),
       ('4', '美女', '5', '2018-06-02 09:01:03', '2018-06-02 09:01:03'),
       ('5', '前端开发', '9', '2018-01-26 10:48:35', '2018-01-26 10:48:35'),
       ('6', '摄影', '6', '2019-12-16 21:01:03', '2019-12-16 21:01:03'),
       ('7', '随想录', '4', '2019-08-05 23:24:56', '2019-08-05 23:24:56'),
       ('8', '杂谈', '6', '2018-03-01 08:55:25', '2018-03-01 08:55:25');


-- --------------------------------------
-- Insert test data into t_tags table
-- --------------------------------------
INSERT INTO `t_tags`(`id`, `name`, `ref_count`, `created_time`, `last_update_time`)
VALUES ('1', 'C', '6', '2018-03-01 08:55:25', '2018-03-01 08:55:25'),
       ('2', 'C#', '6', '2018-01-26 10:48:35', '2018-01-26 10:48:35'),
       ('3', 'C++', '6', '2018-04-27 17:26:08', '2018-04-27 17:26:08'),
       ('4', 'Go', '6', '2018-03-31 11:38:17', '2018-03-31 11:38:17'),
       ('5', 'Java', '4', '2018-01-12 09:26:51', '2018-01-12 09:26:51'),
       ('6', 'JavaScript', '6', '2018-01-21 02:03:43', '2018-01-21 02:03:43'),
       ('7', 'PHP', '5', '2018-03-15 21:12:38', '2018-03-15 21:12:38'),
       ('8', 'Python', '2', '2018-05-08 17:45:58', '2018-05-08 17:45:58'),
       ('9', 'Rust', '2', '2018-10-28 20:23:56', '2018-10-28 20:23:56'),
       ('10', 'TypeScript', '7', '2018-06-14 18:57:04', '2018-06-14 18:57:04');
